{
  "checkpoint": "outputs/medvae_disentangle_v1/runs/v11_smoke/weights/model_best.pth",
  "n_samples": 16,
  "n_paired": 6,
  "acc_mod_from_zm": 1.0,
  "acc_mod_from_za": 1.0,
  "rec_l1_mean": 0.5840782932937145,
  "rec_l1_std": 0.04173336275284617,
  "cross_l1_mean": 0.6250503261884054,
  "cross_l1_std": 0.015592972655824733
}