name,mae,mse,ssim
vol_0001,0.8357356190681458,1.0992454290390015,0.45037728548049927
vol_0002,0.8360663056373596,1.1000927686691284,0.4499536156654358
vol_0003,0.8355492353439331,1.0987305641174316,0.4506347179412842
