method,task,pair,n_subjects,nrmse_mean,ssim_mean,lpips_mean,nrmse_std,ssim_std,lpips_std
mmfm_unet,task2,0.1T_to_1.5T,3,0.7213064163061177,0.7659568586773758,0.24477307357601816,0.09293276620193132,0.007041380465979903,0.021634475007249635
mmfm_unet,task2,0.1T_to_3T,3,0.6133341842299791,0.7440400316636951,0.25178211767346037,0.09075763049684958,0.01698725736408925,0.02155165612678873
mmfm_unet,task2,0.1T_to_5T,3,2.026809374845168,0.7627221164781856,0.25387855800269427,0.532297448569897,0.008613268408326954,0.015426855006124054
mmfm_unet,task2,0.1T_to_7T,3,2.586044262365575,0.7499214211586495,0.22151594165134192,1.706699761873803,0.019579537803095085,0.015993048061297883
