method,task,pair,n_subjects,nrmse_mean,ssim_mean,lpips_mean,nrmse_std,ssim_std,lpips_std
mmfm,task2,0.1T_to_1.5T,3,0.6059704225749697,0.8091023035316652,0.22336384165225195,0.036734543987457756,0.008473291289805368,0.021035739257736295
mmfm,task2,0.1T_to_3T,3,0.5596944200136752,0.791399176394671,0.2362737747980129,0.049395324950276785,0.0052580056511800964,0.01840946763901212
mmfm,task2,0.1T_to_5T,3,1.745873397741945,0.7750605409488894,0.23487759487558338,0.13019543828553998,0.01471111606954174,0.020810113898734675
mmfm,task2,0.1T_to_7T,3,2.2595595924127623,0.7712479555573838,0.2102564718302207,1.1857205002634528,0.01098059728795012,0.013987327769113577
