method,task,pair,n_subjects,nrmse_mean,ssim_mean,lpips_mean,nrmse_std,ssim_std,lpips_std
mmfm_unet,task1,0.1T_to_7T,3,2.462138165373809,0.776426524115131,0.1993107933906699,1.3549655576074664,0.017067767271955095,0.011704500684651788
mmfm_unet,task1,1.5T_to_7T,3,2.6834666826612836,0.7739174342104516,0.18826580964200948,1.490257552750592,0.018138321731429343,0.006344944495434998
mmfm_unet,task1,3T_to_7T,3,2.5788830649991805,0.7764054739414061,0.18552177580484389,1.4152934516549698,0.01882129028816509,0.01147649556664917
mmfm_unet,task1,5T_to_7T,3,2.6618780800253043,0.7761560681226962,0.1838615702786688,1.496516217894339,0.017910889348208277,0.00625784211503366
