method,task,pair,n_subjects,nrmse_mean,ssim_mean,lpips_mean,nrmse_std,ssim_std,lpips_std
mmfm_unet,task1,0.1T_to_7T,3,2.586044262365575,0.7499214211586495,0.22151594165134192,1.706699761873803,0.019579537803095085,0.015993048061297883
mmfm_unet,task1,1.5T_to_7T,3,2.0816713962147504,0.7555041396670564,0.21897440386923964,0.7722125970820797,0.016997378352698305,0.014659261166475783
mmfm_unet,task1,3T_to_7T,3,2.4081693045192107,0.7578189816015689,0.21584732000461715,1.9168051311258787,0.005600040687785673,0.013944734372665205
mmfm_unet,task1,5T_to_7T,3,2.1705565923039,0.753750036942094,0.21916533615926095,1.2333274259472873,0.00925417485092545,0.013232123526950385
