method,task,pair,n_subjects,nrmse_mean,ssim_mean,lpips_mean,nrmse_std,ssim_std,lpips_std
mmfm_unet,task2,0.1T_to_1.5T,3,0.732080937498586,0.826837511066298,0.21397382655858085,0.04876713788580292,0.024683270116628,0.024702070134939007
mmfm_unet,task2,0.1T_to_3T,3,0.5936499413914061,0.8011790067733674,0.2273978165995293,0.06991543273541287,0.023174960992194113,0.022911433966639538
mmfm_unet,task2,0.1T_to_5T,3,2.1278962591107056,0.7653444279701865,0.21998748547180805,0.12317496802964231,0.024027391408022458,0.02120326388693887
mmfm_unet,task2,0.1T_to_7T,3,2.462138165373809,0.776426524115131,0.1993107933906699,1.3549655576074664,0.017067767271955095,0.011704500684651788
